date,close,volume,open,high,low
8/21/17,337.86,6489850,345.82,345.82,331.85
8/18/17,347.46,5390805,352.91,354,345.8
8/17/17,351.92,5010825,361.21,363.3,351.59
8/16/17,362.91,3406173,363,366.5,362.52
8/15/17,362.33,3084601,365.2,365.49,359.37
8/14/17,363.8,4507969,364.63,367.66,362.6
8/11/17,357.87,4357562,356.97,361.26,353.62
8/10/17,355.4,7063054,361.6,366.6504,354.66
8/9/17,363.53,6881182,361,370,358.95
8/8/17,365.22,7431838,357.53,368.58,357.4
8/7/17,355.17,6309331,357.35,359.48,352.75
8/4/17,356.91,9233295,347,357.27,343.3
8/3/17,347.09,13524270,345.33,350,343.15
8/2/17,325.89,11942350,318.94,327.12,311.22
8/1/17,319.57,8284997,323,324.45,316.13
7/31/17,323.47,8525454,335.5,341.49,321.04
7/28/17,335.07,4869891,336.89,339.6,332.51
7/27/17,334.46,8285879,346,347.5,326.29
7/26/17,343.85,4809514,340.36,345.5,338.12
7/25/17,339.6,6977932,345,345.6,334.15
7/24/17,342.52,8598292,330.24,343.399,330.01
7/21/17,328.4,4871708,329.46,331.2575,325.8
7/20/17,329.92,5142516,326.9,330.22,324.2
7/19/17,325.26,6345884,328.23,331.65,323.2193
7/18/17,328.24,6360710,317.5,329.13,315.66
7/17/17,319.57,9827506,325.54,327.1,313.45
7/14/17,327.78,5607924,323.19,328.42,321.22
7/13/17,323.41,8582315,330.11,331.6,319.97
7/12/17,329.52,10317240,330.4,333.1,324.5
7/11/17,327.22,11526760,316,327.28,314.3
7/10/17,316.05,13760290,312.9,317.94,303.13
7/7/17,313.22,14129950,313.5,317,307.38
7/6/17,308.83,19258040,317.26,320.7899,306.3
7/5/17,327.09,16998300,347.2,347.24,326.33
7/3/17,352.62,6305401,370.24,371.35,351.5
6/30/17,361.61,5823046,363.71,366.7674,359.6187
6/29/17,360.75,8202463,370.61,371,354.1
6/28/17,371.24,6290323,366.68,371.74,362.52
6/27/17,362.37,6977494,376.4,376.4,362.02
6/26/17,377.49,6596854,386.69,386.95,373.1
6/23/17,383.45,6425180,382.45,386.99,379.345
6/22/17,382.61,7510406,377.99,385,373.57
6/21/17,376.4,4916770,374.35,376.99,368.02
6/20/17,372.24,7419110,376.67,378.88,369.73
6/19/17,369.8,6433434,375,376.7,367.8
6/16/17,371.4,6347450,377.975,378.01,370.1
6/15/17,375.34,10412650,372.5,375.46,366.49
6/14/17,380.66,12778480,381.085,384.25,376.31
6/13/17,375.95,11773370,367.62,376,366.61
6/12/17,359.01,10507860,357.99,364.5,350.62
6/9/17,357.32,17250060,374.42,376.87,354.8
6/8/17,370,9028677,363.75,371.9,360.22
6/7/17,359.65,9348692,356.34,360.5,355.14
6/6/17,352.85,11031920,344.7,359.4929,339.97
6/5/17,347.32,6769174,338.5,348.44,334.21
6/2/17,339.85,5583952,339.77,342.88,335.93
6/1/17,340.37,7601764,344,344.88,337.29
5/31/17,341.01,9937556,337.69,342.89,335.16
5/30/17,335.1,7771536,326,336.28,325.76
5/26/17,325.14,7793009,317.28,325.49,316.31
5/25/17,316.83,5000432,311.02,316.97,307.81
5/24/17,310.22,5035192,306.51,311,305.4
5/23/17,303.86,4314267,310.46,310.73,303.48
5/22/17,310.35,4324305,312.8,314.37,306.8
5/19/17,310.83,4654580,315.5,316.5,310.2
5/18/17,313.06,5609153,307,313.94,305.31
5/17/17,306.11,6695657,314.39,314.63,305.5
5/16/17,317.01,4141066,317.59,320.06,315.14
5/15/17,315.88,7606854,318.38,320.2,312.53
5/12/17,324.81,4118613,325.48,327,321.53
5/11/17,323.1,4747172,323.4,326,319.6
5/10/17,325.22,5734524,321.56,325.5,318.12
5/9/17,321.26,9663374,309.38,321.99,309.1
5/8/17,307.19,7002907,310.9,313.79,305.82
5/5/17,308.35,8117449,298,308.55,296.8
5/4/17,295.46,14135990,307.435,307.77,290.7601
5/3/17,311.02,6879259,317.67,321.53,310.45
5/2/17,318.89,5316551,324,327.6599,316.5601
5/1/17,322.83,8819888,314.88,327.25,314.81
4/28/17,314.07,4496659,309.83,314.8,308
4/27/17,308.63,3462663,311.69,313.09,307.5
4/26/17,310.17,4683131,312.37,314.5,309
4/25/17,313.79,6734162,308,313.98,305.86
4/24/17,308.03,5077771,309.22,310.55,306.0215
4/21/17,305.6,4501958,302,306.4,300.42
4/20/17,302.51,6145961,306.51,309.15,300.23
4/19/17,305.52,3891145,302.46,306.62,302.11
4/18/17,300.25,3034225,299.7,300.8399,297.9
4/17/17,301.44,4128067,302.7,304,298.68
4/13/17,304,9275682,296.7,307.39,295.3
4/12/17,296.84,6043648,306.34,308.4481,296.32
4/11/17,308.71,5718053,313.38,313.47,305.5
4/10/17,312.39,7653623,309.15,313.7299,308.71
4/7/17,302.54,4566632,297.5,302.69,297.15
4/6/17,298.7,5517731,296.88,301.94,294.1
4/5/17,295,7858565,302.04,304.88,294.2
4/4/17,303.7,10108230,296.89,304.81,294.53
4/3/17,298.52,13864850,286.9,299,284.58
3/31/17,278.3,3293698,278.73,279.68,276.3197
3/30/17,277.92,4141437,278.04,282,277.21
3/29/17,277.38,3672526,278.34,279.6,275.54
3/28/17,277.45,7978665,277.02,280.68,275
3/27/17,270.22,6221361,260.6,270.57,259.75
3/24/17,263.16,5637668,255.7,263.89,255.01
3/23/17,254.78,3309844,255.39,257.672,253.3
3/22/17,255.01,4056735,251.56,255.07,250.51
3/21/17,250.68,6901555,262.83,264.8,250.24
3/20/17,261.92,3601616,260.6,264.55,258.821
3/17/17,261.5,6491018,264,265.33,261.2
3/16/17,262.05,7127180,262.4,265.75,259.06
3/15/17,255.73,5233365,257,261,254.27
3/14/17,258,7581719,246.11,258.12,246.02
3/13/17,246.17,3011280,244.82,246.85,242.781
3/10/17,243.69,3062785,246.21,246.5,243
3/9/17,244.9,3876494,247.63,248.66,243
3/8/17,246.87,3726746,247,250.07,245.32
3/7/17,248.59,3452587,251.92,253.89,248.32
3/6/17,251.21,3353601,247.91,251.7,247.51
3/3/17,251.57,2925481,250.74,251.9,249
3/2/17,250.48,3345751,249.71,253.28,248.27
3/1/17,250.02,4804963,254.18,254.85,249.11
2/28/17,249.99,6073890,244.19,251,243.9
2/27/17,246.23,11450160,248.17,248.36,242.01
2/24/17,257,8166869,252.66,258.25,250.2
2/23/17,255.99,14877090,264,264.66,255.56
2/22/17,273.51,8537811,280.31,283.45,272.6
2/21/17,277.39,5647575,275.45,281.4,274.01
2/17/17,272.23,6251469,265.8,272.89,264.15
2/16/17,268.95,7063860,277.6,280,268.5
2/15/17,279.76,4943879,280,282.24,276.44
2/14/17,280.98,7341450,279.03,287.39,278.61
2/13/17,280.6,7023072,270.74,280.7899,270.51
2/10/17,269.23,3618336,269.79,270.95,266.11
2/9/17,269.2,7812600,266.25,271.18,266.15
2/8/17,262.08,3912428,257.35,263.36,256.2
2/7/17,257.48,4244063,258.19,260,256.42
2/6/17,257.77,3557600,251,257.82,250.63
2/3/17,251.33,2185230,251.91,252.179,249.68
2/2/17,251.55,2498799,248.34,252.42,247.71
2/1/17,249.24,3953105,253.05,253.2,249.05
1/31/17,251.93,4112013,249.24,255.89,247.7
1/30/17,250.63,3798638,252.53,255.2899,247.1
1/27/17,252.95,3161774,251.38,253,248.52
1/26/17,252.51,3143717,254.29,255.74,250.75
1/25/17,254.47,5145301,257.31,258.46,251.8
1/24/17,254.61,4958144,250,254.8,249.65
1/23/17,248.92,6262097,245.85,250.8899,245.5
1/20/17,244.73,4199720,245.46,246,243.01
1/19/17,243.76,7717244,247.25,248.68,240.75
1/18/17,238.36,3767272,236.65,239.71,235.58
1/17/17,235.58,4614731,236.7,239.96,234.37
1/13/17,237.75,6085610,230,237.85,229.59
1/12/17,229.59,3787547,229.06,230.7,225.58
1/11/17,229.73,3649910,229.07,229.98,226.68
1/10/17,229.87,3658981,232,232,226.89
1/9/17,231.28,3972716,228.97,231.92,228
1/6/17,229.01,5524153,226.93,230.31,225.45
1/5/17,226.75,5908927,226.42,227.48,221.95
1/4/17,226.99,11204560,214.75,228,214.31
1/3/17,216.99,5901494,214.86,220.33,210.96
12/30/16,213.69,4641288,216.3,217.5,211.68
12/29/16,214.68,4043086,218.56,219.2,214.1225
12/28/16,219.74,3778544,221.53,223.8,217.2
12/27/16,219.53,5913335,214.88,222.25,214.42
12/23/16,213.34,4668263,208,213.45,207.71
12/22/16,208.45,3108427,208.22,209.99,206.5
12/21/16,207.7,5206143,208.45,212.23,207.41
12/20/16,208.79,4684269,203.05,209,202.5
12/19/16,202.73,3486937,202.49,204.45,199.84
12/16/16,202.49,3795444,198.08,202.59,197.6
12/15/16,197.58,3218653,198.41,200.74,197.39
12/14/16,198.69,4147314,198.74,203,196.76
12/13/16,198.15,6819322,193.18,201.28,193
12/12/16,192.43,2436428,192.8,194.42,191.04
12/9/16,192.18,2720937,190.87,193.836,190.81
12/8/16,192.29,3193684,192.05,192.5,189.54
12/7/16,193.15,5457071,186.15,193.4,185
12/6/16,185.85,3389365,185.52,186.58,182.6825
12/5/16,186.8,4069480,182.51,188.89,182.51
12/2/16,181.47,4040201,182.88,184.88,180
12/1/16,181.88,5119105,188.25,188.53,181
11/30/16,189.4,3544891,191,191.89,187.5
11/29/16,189.57,4435312,195.56,196.73,189.5
11/28/16,196.12,4521082,195.48,199.35,194.55
11/25/16,196.65,2366098,193.64,197.2372,193.64
11/23/16,193.14,4890285,190.61,195.644,189
11/22/16,191.17,5601238,185.84,191.47,183.71
11/21/16,184.52,4355872,185.04,188.89,184.41
11/18/16,185.02,5206473,190.65,193,185
11/17/16,188.66,4880969,183.49,189.49,182.1101
11/16/16,183.93,3432668,182.65,184.73,181.21
11/15/16,183.77,3899743,182.78,186.43,182.05
11/14/16,181.45,6547913,188,188.25,178.19
11/11/16,188.56,3987091,184.24,188.88,183
11/10/16,185.35,6746290,191.05,191.61,180.42
11/9/16,190.06,8166447,186.875,192,183.95
11/8/16,194.94,3252927,193.79,197.49,191.26
11/7/16,193.21,3857682,193.59,194.29,190.05
11/4/16,190.56,5143915,189,193.46,185.96
11/3/16,187.42,2644550,189,191.47,187.0401
11/2/16,188.02,4242250,190.05,192.6951,187.505
11/1/16,190.79,7023674,198.04,198.5,188.105
10/31/16,197.73,4691320,202.49,202.49,195.81
10/28/16,199.97,4273456,204,205.32,199.83
10/27/16,204.01,13070990,211.34,213.7,201.65
10/26/16,202.24,5346893,201,203.19,200.1
10/25/16,202.34,2442118,202.9,204.69,201.2
10/24/16,202.76,2747344,201,203.9452,200.25
10/21/16,200.09,2936908,198.6,201.57,197.41
10/20/16,199.1,5069410,202.12,203,197.05
10/19/16,203.56,6966185,199.74,206.66,198.06
10/18/16,199.1,5676046,195.99,199.47,193.26
10/17/16,193.96,4518331,197.05,198.39,192
10/14/16,196.51,4265471,200.66,201.43,196.3
10/13/16,200.24,2495140,200.5,200.895,197.05
10/12/16,201.51,1969099,200.95,203.88,200.42
10/11/16,200.1,2326754,201.85,202.2,198.31
10/10/16,200.95,3311340,201.35,204.14,199.66
10/7/16,196.61,3489480,201,201.32,195.8
10/6/16,201,4697937,202.46,204.2099,200.21
10/5/16,208.46,1872456,212.24,213.15,208.12
10/4/16,211.41,3537953,213.1,213.32,208.82
10/3/16,213.7,5989342,212.3,215.6688,208.25
9/30/16,204.03,2581730,202.21,204.98,199.55
9/29/16,200.7,2714040,205.6,207.33,200.58
9/28/16,206.27,2079324,207.51,208.25,205.26
9/27/16,205.81,3367907,209.65,209.9818,204.6093
9/26/16,208.99,2393373,206.5,211,206.5
9/23/16,207.45,2904125,205.99,210.18,205.67
9/22/16,206.43,2381600,206.4,207.28,203
9/21/16,205.22,2631285,206.37,207,201.56
9/20/16,204.64,2408556,206.85,207.75,203.91
9/19/16,206.34,2298318,207,209.43,205
9/16/16,205.4,3104266,200.42,205.7,199
9/15/16,200.42,3082942,196.49,202.5193,196.4
9/14/16,196.41,2256143,195.75,197.9248,194.8562
9/13/16,196.05,3583140,197.06,198.49,193.45
9/12/16,198.3,3714049,195,201.369,194.1
9/9/16,194.47,3753734,199.09,199.92,193.7
9/8/16,197.36,3372293,199.55,199.89,196.36
9/7/16,201.71,3637918,205.5,206.4968,200.71
9/6/16,202.83,4386193,199.02,203.25,199
9/2/16,197.78,5970154,202.33,203.2,196.2
9/1/16,200.77,7932444,209.01,211.0999,200.5
8/31/16,212.01,3274854,210.43,212.6,208.65
8/30/16,211.34,3164222,216.11,216.11,210.52
8/29/16,215.2,3261381,220.15,220.4,215
8/26/16,219.99,2238087,222.14,222.855,218.82
8/25/16,220.96,1760212,223.11,223.8,220.77
8/24/16,222.62,2566947,227.05,227.15,222.22
8/23/16,224.84,4747745,224.32,228.49,222.8
8/22/16,222.93,2061692,224.17,225.11,222.68
8/19/16,225,1658616,223.54,225.169,222.53
8/18/16,223.51,1699300,223.82,225.66,222.29
8/17/16,223.24,1786408,224.33,224.83,222.8
8/16/16,223.61,2251115,225.49,227.19,223.4101
8/15/16,225.59,2017964,226.02,229.5,224.93
8/12/16,225.61,1811850,225.41,226.65,224.04
8/11/16,224.91,1876959,226.17,227.57,223.41
8/10/16,225.65,2336496,228.24,229.87,224.62
8/9/16,229.08,2199766,226.82,231.5375,226.65
8/8/16,226.16,2259465,228,229.6,226.09
8/5/16,230.03,3190342,230,232,227.4
8/4/16,230.61,4142155,225.69,230.86,222.05
8/3/16,225.79,3808747,227.37,229.699,224.21
8/2/16,227.2,3928706,229.37,229.87,221.4
8/1/16,230.01,4014048,235.5,236.63,229.38
7/29/16,234.79,3061574,230.7,235.28,230.24
7/28/16,230.61,2415462,227.95,230.76,226.6
7/27/16,228.49,2887028,229.34,233.36,226.92
7/26/16,229.51,3427251,227.69,230,225.3
7/25/16,230.01,4479483,222.27,231.39,221.3715
7/22/16,222.27,2570462,221.99,224.5,218.88
7/21/16,220.5,4425756,226,227.847,219.1
7/20/16,228.36,2556119,226.47,229.8,225
7/19/16,225.26,3047535,225,229.1,224.75
7/18/16,226.25,3394588,219.64,227.09,218.3
7/15/16,220.4,2230821,222.52,222.7499,219.64
7/14/16,221.53,2657899,223.12,224.94,221.05
7/13/16,222.53,3540699,225.5,225.59,220.29
7/12/16,224.65,4573875,224.1,227.5,223.22
7/11/16,224.78,5369066,219.96,226.78,219.51
7/8/16,216.78,4067131,217.8,219.81,214.5
7/7/16,215.94,3603385,213.1,218.12,213.01
7/6/16,214.44,4910285,210,215.23,209
7/5/16,213.98,5169832,209.73,214.5441,208
7/1/16,216.5,5396030,206.14,218.24,206
6/30/16,212.28,4794440,212.97,213.4999,209.02
6/29/16,210.19,5987120,205.13,211.78,203
6/28/16,201.79,6158996,201.89,204.05,199.41
6/27/16,198.55,7211823,190.86,198.81,187.87
6/24/16,193.15,6988949,190.05,195.12,189.73
6/23/16,196.4,10098190,195.69,197.55,192.13
6/22/16,196.66,23706100,199.47,205.95,195.75
6/21/16,219.61,2855619,220.68,222.569,218.81
6/20/16,219.7,3549768,219.5,223.75,218.23
6/17/16,215.47,3107734,217.81,219.99,214.5
6/16/16,217.93,2438692,217.42,218.04,213.5
6/15/16,217.7,2905002,216.95,221.9,215.13
6/14/16,214.96,3575822,218.88,222.2,212.53
6/13/16,217.87,4187833,219.5,225.77,217.66
6/10/16,218.79,5994548,227.39,227.97,218.4217
6/9/16,229.36,4454222,234.98,235.33,227.06
6/8/16,235.52,5965110,233.8,240.845,232.605
6/7/16,232.34,6194154,222.24,234.44,221.52
6/6/16,220.68,2242634,218,220.9,215.45
6/3/16,218.99,2226110,220,221.94,218.01
6/2/16,218.96,2017279,219.59,219.909,217.11
6/1/16,219.56,2982270,221.48,222.4,216.89
5/31/16,223.23,2786682,223.04,224.7497,221.5001
5/27/16,223.04,3645792,224.99,225.93,220.75
5/26/16,225.12,4066512,220.5,225.26,219.05
5/25/16,219.58,3131279,217.91,221.36,216.51
5/24/16,217.91,3009327,216.6,218.74,215.18
5/23/16,216.22,5096751,219.87,222.6,215.86
5/20/16,220.28,8996546,216.99,220.55,216.35
5/19/16,215.21,6817922,213.62,216.79,207.3
5/18/16,211.17,5552692,209.15,215.31,207.75
5/17/16,204.66,2842028,209.05,209.8199,204.02
5/16/16,208.29,2945754,208.15,213.15,207.92
5/13/16,207.61,2820616,207.78,211.2,206.7
5/12/16,207.28,3650075,211.44,211.67,203.6572
5/11/16,208.96,5159640,207.59,215.48,206.05
5/10/16,208.69,4068053,207.55,209.47,205
5/9/16,208.92,4772992,215.72,216.15,206.8
5/6/16,214.93,5683675,210.87,216.37,208.11
5/5/16,211.53,11248340,228.46,228.64,209.79
5/4/16,222.56,8550004,230.29,234.46,220.4
5/3/16,232.32,4296325,237.36,238.91,231.62
5/2/16,241.8,3838958,241.5,243.19,234.82
4/29/16,240.76,5405164,248.14,248.43,237.81
4/28/16,247.71,2515595,249.85,253.43,247.44
4/27/16,251.47,3198105,252.75,255,249.4
4/26/16,253.74,3217779,252.05,255.73,249.39
4/25/16,251.82,3665088,253.01,257.38,250.76
4/22/16,253.75,3783126,248.89,254,245.71
4/21/16,248.29,2777079,248.99,250.9,246.91
4/20/16,249.97,5192343,246.26,253.66,241.5
4/19/16,247.37,6351360,253.12,254.3699,241.251
4/18/16,253.88,4263246,252.23,258.31,251.66
4/15/16,254.51,3748593,251.31,254.6,249.12
4/14/16,251.86,4129258,253,256.839,251.0501
4/13/16,254.53,4921554,248.51,255.5,247.33
4/12/16,247.82,5755351,249.5,251.8,243.63
4/11/16,249.92,9156404,251,258.99,245.3
4/8/16,250.07,7352707,260.5,260.82,248.0201
4/7/16,257.2,8845567,266.45,269.34,254.51
4/6/16,265.42,11695760,253.97,267.74,253.45
4/5/16,255.47,9931470,240.5,256.56,240
4/4/16,246.99,13381160,249.12,252.12,243.64
4/1/16,237.59,15979910,244.825,247.9,233.25
3/31/16,229.77,7975638,229.34,237.42,225.01
3/30/16,226.89,4025670,235.09,235.5,226.5
3/29/16,230.13,4006037,229.89,232.38,225.33
3/28/16,230.26,3878599,231.61,234.81,225
3/24/16,227.75,4956604,215.78,228.8877,215
3/23/16,222.58,4936203,232.37,234.73,222.03
3/22/16,234.24,4303052,237.21,238.99,232.558
3/21/16,238.32,5289014,235.34,239.88,235
3/18/16,232.74,4704761,229.1,234.48,228.06
3/17/16,226.38,3769083,221.47,228.5,220
3/16/16,221.93,3511873,218,222.58,217.02
3/15/16,218.34,3133230,214.27,218.97,211.5
3/14/16,215.15,4062304,212.65,216.72,210.64
3/11/16,207.5,3339148,207.93,209.42,205.33
3/10/16,205.18,5191602,210,213.29,200.671
3/9/16,208.72,3207597,204.52,209.3726,202.79
3/8/16,202.6,4175498,203.5,207.5,202.2
3/7/16,205.29,5331097,197.68,209.7,197.4
3/4/16,201.04,6479858,198,204.03,197.5001
3/3/16,195.74,4822993,188.28,197.42,184.22
3/2/16,188.34,4858631,183.73,188.52,181.5
3/1/16,186.35,6695704,194.25,195.9484,182.7
2/29/16,191.93,4495402,192.4,196.35,189.222
2/26/16,190.34,6054061,188.7,192,185
2/25/16,187.43,5727008,178.65,188.5192,175.2
2/24/16,179,5385369,172.75,179.5,167.84
2/23/16,177.21,5982993,176.16,181.73,173.68
2/22/16,177.74,5055340,170.12,178.91,169.85
2/19/16,166.58,2955832,163.66,167.49,162.5
2/18/16,166.77,3883107,172.42,172.95,164.77
2/17/16,168.68,5820264,159,169.34,156.68
2/16/16,155.17,5561638,158.7,162.95,154.11
2/12/16,151.04,7233264,155,157.01,143.7
2/11/16,150.47,14236900,152,163.26,147
2/10/16,143.67,10104690,150.5,154.97,141.74
2/9/16,148.25,8639661,142.32,159.79,141.05
2/8/16,147.99,9306754,157.105,157.15,146
2/5/16,162.6,9434495,171.3,173,157.7442
2/4/16,175.33,4379442,170.7,175.98,166.99
2/3/16,173.48,7927640,183.59,183.94,170.18
2/2/16,182.78,5764817,192.42,193.12,180.23
2/1/16,196.94,5295685,188.76,199.52,182.75
1/29/16,191.2,2848929,189.95,193.74,188.08
1/28/16,189.7,4586328,190.79,191.28,182.41
1/27/16,188.07,3577353,192.38,193.26,185.77
1/26/16,193.56,4956918,196.7,197.82,188.88
1/25/16,196.38,2695408,200.06,203.57,195.88
1/22/16,202.55,3122066,204.801,205.5,199.03
1/21/16,199.97,3164424,201.55,203.23,195.02
1/20/16,198.7,5826110,199.4,201.28,191.25
1/19/16,204.72,4031271,208.71,210.47,200.78
1/15/16,204.99,5325773,198.97,205.07,197.25
1/14/16,206.18,6490579,202.21,210,193.38
1/13/16,200.31,4120993,212.01,212.65,200
1/12/16,209.97,3079051,211.6,213.7395,205.31
1/11/16,207.85,4090843,214.01,214.45,203
1/8/16,211,3572360,217.86,220.44,210.77
1/7/16,215.65,3550704,214.19,218.44,213.67
1/6/16,219.04,3774353,220,220.05,215.98
1/5/16,223.43,3185525,226.36,226.89,220
1/4/16,223.41,6823510,230.72,231.38,219
12/31/15,240.01,2713817,238.51,243.45,238.37
12/30/15,238.09,3694448,236.6,243.634,235.6707
12/29/15,237.19,2402438,230.06,237.72,229.547
12/28/15,228.95,1900171,231.49,231.98,225.54
12/24/15,230.57,710277,230.56,231.88,228.28
12/23/15,229.7,1551031,232.18,233.45,228.13
12/22/15,229.95,1958836,234.99,236.55,229.63
12/21/15,232.56,1951581,231.69,235.83,231.08
12/18/15,230.46,3008057,232.89,235.9,229.29
12/17/15,233.39,3294460,233.94,237.76,229.8149
12/16/15,234.51,5100443,222.1,234.88,220.73
12/15/15,221.09,2241686,221.82,222.22,218
12/14/15,218.58,2827797,217.51,220.92,214.87
12/11/15,217.02,3259114,225.24,225.75,216.64
12/10/15,227.07,2070088,224.71,228.49,223.64
12/9/15,224.52,3057036,226.7,227.5,220.72
12/8/15,226.72,2682259,227.52,228.8,224.2
12/7/15,231.13,3140864,227.7,235.63,226.15
12/4/15,230.38,2572014,232.46,233.27,227.66
12/3/15,232.71,2937233,235.48,237.45,230
12/2/15,231.99,2980644,237,238.6,231.23
12/1/15,237.19,3728562,231.06,238,231.05
11/30/15,230.26,2591205,231.79,234.28,229.08
11/27/15,231.61,1949353,231.06,232.25,227.01
11/25/15,229.64,3986945,221.34,230.825,220.375
11/24/15,218.25,2478389,215.37,221,215
11/23/15,217.75,2525196,217.35,219.18,214.6798
11/20/15,220.01,4394199,223.49,225,213.58
11/19/15,221.8,2499593,220.54,226.19,220.3
11/18/15,221.07,2810200,214.5,221.38,212.52
11/17/15,214,2148326,215.2,216,211.4
11/16/15,214.31,2920362,206.09,214.98,205.8
11/13/15,207.19,3423139,212.95,212.99,206.52
11/12/15,212.94,2913511,217.85,219,212.66
11/11/15,219.08,3337501,217.77,219.48,213.63
11/10/15,216.5,4612408,223.48,223.7,216.08
11/9/15,225.33,3846179,232.99,232.99,224.31
11/6/15,232.36,2444264,230.7,233.359,229.5
11/5/15,231.77,4494944,230.58,234.5843,229.19
11/4/15,231.63,12713530,227,232.74,225.2
11/3/15,208.35,8065091,213.85,214.44,207.75
11/2/15,213.79,3924514,208.92,215.8,207.22
10/30/15,206.93,4432433,210.4,211.63,203.89
10/29/15,211.63,1794743,211.75,213.7481,210.64
10/28/15,212.96,2726880,211.31,213.45,208.3
10/27/15,210.35,3512832,214.84,217.1,207.51
10/26/15,215.26,3388227,211.38,215.88,210
10/23/15,209.09,4226411,215,215.35,207.69
10/22/15,211.72,2818801,211.56,215.75,209.4
10/21/15,210.09,4177956,211.99,214.81,208.8
10/20/15,213.03,14877020,227.72,228.6,202
10/19/15,228.1,2506836,226.5,231.15,224.94
10/16/15,227.01,4327574,223.04,230.4805,222.87
10/15/15,221.31,2835920,216.43,221.73,213.7
10/14/15,216.88,3094436,220.67,220.95,215.43
10/13/15,219.25,5168162,213.28,222.522,211.13
10/12/15,215.58,3816171,222.99,223,215.27
10/9/15,220.69,6153754,220.93,224.37,218.36
10/8/15,226.72,6125994,230.08,230.72,221.31
10/7/15,231.96,6804433,236.63,237.7,229.12
10/6/15,241.46,5234679,240,243.03,235.58
10/5/15,246.15,3684490,248.84,249.84,244.13
10/2/15,247.57,4407615,235.6,247.7,234.93
10/1/15,239.88,4568261,247.51,248.5,237.13
9/30/15,248.4,4925751,252,252.4,242.34
9/29/15,246.65,3695972,250.46,254.73,245.46
9/28/15,248.43,4893113,257.35,259.79,246.61
9/25/15,256.91,3771395,266.61,266.91,256.15
9/24/15,263.12,3442668,259.53,263.45,256.21
9/23/15,261.06,2597170,261.95,262.08,257.5838
9/22/15,260.94,3660643,259.03,262.65,255.87
9/21/15,264.2,6114615,263.98,271.57,255.8
9/18/15,260.62,3760644,257.96,263.82,257.5
9/17/15,262.07,3575221,263.96,265.5,260.69
9/16/15,262.25,4405706,253.04,262.88,252.88
9/15/15,253.57,2931607,252.75,254.6,249.5
9/14/15,253.19,2885610,251.1,254.25,249.67
9/11/15,250.24,2346802,247.64,250.24,244.73
9/10/15,248.48,2706874,247.23,250.7231,245.33
9/9/15,248.91,3384981,252.05,254.25,248.303
9/8/15,248.17,3129871,245.05,249.16,244.05
9/4/15,241.93,3687456,240.89,244.09,238.2
9/3/15,245.57,4184808,252.06,252.08,245
9/2/15,247.69,4590857,245.3,247.88,239.78
9/1/15,238.63,5443901,240.34,246,236.97
8/31/15,249.06,4688373,245.62,254.95,245.51
8/28/15,248.48,5507336,241.86,251.45,241.57
8/27/15,242.99,7645773,231,244.75,230.81
8/26/15,224.84,4951300,227.93,228,215.51
8/25/15,220.03,4313679,230.52,230.9,219.12
8/24/15,218.87,9562484,202.79,231.4,195
8/21/15,230.77,6578435,236,243.7999,230.51
8/20/15,242.18,4892170,252.06,254.56,241.9
8/19/15,255.25,3598937,260.33,260.65,255.02
8/18/15,260.72,4186051,255.38,260.95,253.5601
8/17/15,254.99,7168396,255.56,256.59,250.51
8/14/15,243.15,4360693,247.24,247.93,241.77
8/13/15,242.51,4683330,239.86,246.48,239.12
8/12/15,238.17,3730138,235,239.77,232.74
8/11/15,237.37,4260892,237.15,239.3,234.44
8/10/15,241.14,4179307,238.15,242.97,236.05
8/7/15,242.51,5069602,243.58,243.73,238.39
8/6/15,246.13,14617820,249.54,255,236.12
8/5/15,270.13,5969245,263.58,271,260.4
8/4/15,266.28,2336152,260.01,266.72,258.34
8/3/15,259.99,2547164,266.29,266.7099,257.07
7/31/15,266.15,2218004,267.6,269.3599,265.123
7/30/15,266.79,2030605,262.69,266.94,262.11
7/29/15,263.82,2782886,264.27,267.89,262
7/28/15,264.82,3879330,255.75,265.4,251.8373
7/27/15,253.01,4688874,262.43,264.4321,250.79
7/24/15,265.41,2834521,267.38,271.09,263.92
7/23/15,267.2,2222481,269.65,269.9,265.27
7/22/15,267.87,3097326,261.27,269.44,260.86
7/21/15,266.77,6091632,270.05,273.5,266.55
7/20/15,282.26,4969754,275,286.65,272.54
7/17/15,274.66,4996689,272.5,275.54,268.25
7/16/15,266.68,1598253,264.22,267.2,263.16
7/15/15,263.14,2006860,266.74,267.49,262.08
7/14/15,265.65,1905569,262.1,265.9899,260.51
7/13/15,262.16,2951397,262.25,262.55,256.05
7/10/15,259.15,2605215,262.22,263,257.82
7/9/15,257.92,3329764,259.08,262.95,256.79
7/8/15,254.96,6212610,259.32,260.8,254.31
7/7/15,267.88,6096385,275,275.2,260.77
7/6/15,279.72,4109259,278.88,281.69,276.3
7/2/15,280.02,7155585,280.195,282.45,273.31
7/1/15,269.15,2100019,271.11,272.62,267.8503
6/30/15,268.26,3084435,264.8,270.92,264
6/29/15,262.02,3471452,261.95,265.95,260.7
6/26/15,267.09,3829660,268.89,269.11,266
6/25/15,268.79,2844993,266.45,271.41,265.25
6/24/15,265.17,2411492,266.98,267.35,263.72
6/23/15,267.67,3864602,260.32,268,258.57
6/22/15,259.79,4559072,262.15,264.4,255.69
6/19/15,262.51,2458900,262.4,263.8,260.1
6/18/15,261.89,2781441,262,263.46,260.02
6/17/15,260.41,5500560,252.17,264.36,252.02
6/16/15,253.12,1980918,250.13,253.44,249.095
6/15/15,250.38,2182932,249.7,251.28,246.01
6/12/15,250.69,1418457,250.21,253.46,250.21
6/11/15,251.41,2040973,253.26,254.37,250.43
6/10/15,250.7,3452631,251.9,254,248.5
6/9/15,256,2596059,255.4,257.74,254.14
6/8/15,256.29,5006944,250.85,258.75,250.31
6/5/15,249.14,3019837,246,249.7,245.68
6/4/15,245.92,2425588,247.5,249.3,245.71
6/3/15,248.99,1778102,248.2,250.72,247.01
6/2/15,248.35,2129438,248.92,249.4,246.3
6/1/15,249.45,2502238,251.41,251.6,247.47
5/29/15,250.8,3785112,251,252.8677,249.43
5/28/15,251.45,3646063,247.03,251.8,245.05
5/27/15,247.43,3403988,248.51,249.5,245.55
5/26/15,247.455,3490996,247.68,252,246.5
5/22/15,247.73,2219309,245.38,248.6,245.01
5/21/15,245.62,1966567,243.03,246.62,242.3574
5/20/15,244.35,3749479,247.13,247.74,241.3721
5/19/15,247.14,3668199,248.43,251,246.15
5/18/15,248.75,3349931,247,249.9,246
5/15/15,248.84,4519337,243.93,249.4,242.5
5/14/15,244.1,2847083,244.82,244.89,241.25
5/13/15,243.18,5432689,247.61,248.3,242.25
5/12/15,244.74,6345797,240.11,246.35,238.19
5/11/15,239.49,5663800,236.29,242.88,235.31
5/8/15,236.61,4665445,235.99,238.4099,233.7
5/7/15,236.8,9439902,221,237.48,220.25
5/6/15,230.43,5083776,234.1,234.47,228.2
5/5/15,232.95,5782731,237.76,239.5,229.13
5/4/15,230.51,4427259,228.18,234.73,227.11
5/1/15,226.03,5276924,229.94,231.77,220.405
4/30/15,226.05,3892230,230.39,232.89,225.17
4/29/15,232.45,3931287,230.05,234.97,227.63
4/28/15,230.48,6080178,234.75,235.5,228.03
4/27/15,231.55,11659100,222.56,238.75,222
4/24/15,218.425,2426356,220.5,220.8,218.01
4/23/15,218.6,4408384,218.27,221.48,217.1501
4/22/15,219.44,7855513,212.5,221.88,211.69
4/21/15,209.41,3416177,205.8,210.75,204.31
4/20/15,205.27,2558913,206.78,207.85,203.85
4/17/15,206.79,2465551,204.99,206.88,203.5
4/16/15,206.7,1657018,207.7,209.17,206.29
4/15/15,207.83,1943802,207.46,209.59,206.6
4/14/15,207.46,3019087,208.57,209.49,205.5
4/13/15,209.78,3757220,210.435,213,209.05
4/10/15,210.9,4020850,209.85,211.65,209
4/9/15,210.09,3779853,208.43,210.37,206.12
4/8/15,207.67,6279713,208.2,210.9,205.87
4/7/15,203.25,4340295,202.51,205.06,201.14
4/6/15,203.1,12422770,198,207.75,197.5
4/2/15,191,5004742,190.23,193.23,190
4/1/15,187.59,3791479,188.7,192.3,186.05
3/31/15,188.77,5017950,193.53,193.76,188.41
3/30/15,190.57,10062310,185.85,192.25,181.8
3/27/15,185,8596563,189.07,189.2899,181.4
3/26/15,190.405,4120184,193.92,194.79,189.7
3/25/15,194.3,5721582,198.27,198.59,192.7
3/24/15,201.72,3640866,201.58,203.79,199.75
3/23/15,199.63,2622492,198.5,200.5,197.47
3/20/15,198.08,4250076,197.45,198.99,195.621
3/19/15,195.65,8468846,202,204.59,194.53
3/18/15,200.71,4796873,194.96,200.88,193.11
3/17/15,194.73,4890265,195.43,198.71,193.94
3/16/15,195.7,5617028,192,195.91,189.8
3/13/15,188.68,5421293,188.95,191.75,187.32
3/12/15,191.07,4139769,193.75,194.45,189.75
3/11/15,193.74,4968406,191.15,196.18,191.01
3/10/15,190.32,5539041,188.46,193.5,187.6
3/9/15,190.88,6732511,194.39,194.49,188.25
3/6/15,193.88,6705451,199.21,200.75,192.151
3/5/15,200.63,4870131,202.85,206.19,200.15
3/4/15,202.435,4215255,199.25,202.52,197.21
3/3/15,199.56,4430800,196.81,200.2435,195.32
3/2/15,197.325,7910402,202.7,203.34,195.825
2/27/15,203.34,3871397,206.9,208.55,202.8
2/26/15,207.19,6468020,204,211.09,202.22
2/25/15,203.76,3907505,204.94,207.14,202.58
2/24/15,204.11,6587298,207.29,207.29,201.7
2/23/15,207.335,8487131,215.66,218.2,206.33
2/20/15,217.11,5978376,210.78,217.6,209.81
2/19/15,211.705,5137203,205,212.44,203.75
2/18/15,204.46,2710898,204.17,206.17,202.6
2/17/15,204.35,3964555,205.7,205.7,201.5
2/13/15,203.77,6148207,202.9,205.99,200.91
2/12/15,202.88,15626830,193.57,203.0882,193.28
2/11/15,212.8,9053083,212.21,214.74,207.28
2/10/15,216.29,5348862,217.55,220.5,215
2/9/15,217.48,3469776,215.38,217.93,211.99
2/6/15,217.36,3235856,222,223.4,216.5001
2/5/15,220.99,3518316,219.88,225.48,219.638
2/4/15,218.55,3304417,218.29,221.479,216.8
2/3/15,218.36,4815834,213.22,220.37,211.27
2/2/15,210.94,4143850,203.97,211.9499,203.3
1/30/15,203.6,3001268,203.96,207.47,203
1/29/15,205.2,3542577,201.07,205.98,196.5
1/28/15,199.37,3139481,206.11,206.368,198.42
1/27/15,205.98,2777926,204.42,208.03,203.3
1/26/15,206.55,3231121,201.83,208.62,201.05
1/23/15,201.29,3441052,200.29,203.5,198.33
1/22/15,201.62,4103753,197,203.24,195.2
1/21/15,196.57,4144121,189.55,198.68,189.51
1/20/15,191.93,4490681,193.87,194.1199,187.04
1/16/15,193.07,3590855,190.7,194.49,189.65
1/15/15,191.87,5204777,194.49,195.7499,190
1/14/15,192.69,11516340,185.83,195.2,185
1/13/15,204.25,4247704,203.32,207.61,200.911
1/12/15,202.21,5945607,203.05,204.47,199.25
1/9/15,206.66,4591310,208.92,209.98,204.96
1/8/15,210.615,3434901,212.81,213.7999,210.01
1/7/15,210.95,2965330,213.35,214.78,209.78
1/6/15,211.28,6257651,210.06,214.2,204.21
1/5/15,210.09,5355485,214.55,216.5,207.1626
1/2/15,219.31,4753239,222.87,223.25,213.26
12/31/14,222.41,2392947,223.09,225.68,222.25
12/30/14,222.23,2898272,223.99,225.654,221.4
12/29/14,225.71,2802982,226.9,227.91,224.02
12/26/14,227.82,3324437,221.51,228.5,221.5
12/24/14,222.26,1333518,219.77,222.5,219.25
12/23/14,220.97,4509545,223.81,224.315,219.5242
12/22/14,222.6,4802547,220,224.06,218.26
12/19/14,219.29,6902061,220.19,220.4,214.5
12/18/14,218.26,7465122,212.38,218.44,211.8
12/17/14,205.82,7363036,193.06,206.65,192.65
12/16/14,197.81,8416179,200.89,203.68,195.37
12/15/14,204.04,5195647,209.29,209.8,202.67
12/12/14,207,7167174,204.82,211.68,204.5
12/11/14,208.88,6684459,210.53,215.43,208.23
12/10/14,209.84,7308173,214.13,216.77,207.7
12/9/14,216.89,9427065,209.34,217.7294,204.27
12/8/14,214.36,9217376,221.54,224.86,212.34
12/5/14,223.71,6061390,228.67,229.389,222.26
12/4/14,228.28,3862801,228.6,230.9,227.81
12/3/14,229.3,5299675,226.25,229.72,225.5
12/2/14,231.43,5871559,234.57,234.88,228
12/1/14,231.64,8603799,241.16,242.47,229.01
11/28/14,244.52,2119688,245.35,246.6899,242.52
11/26/14,248.44,1980832,248.34,249,246.6003
11/25/14,248.09,3154710,247.35,249.72,246.0905
11/24/14,246.72,4780202,245.2,247.6,240.64
11/21/14,242.78,7462672,252.21,252.78,242.17
11/20/14,248.71,3583496,247.95,250.93,246
11/19/14,247.74,7912956,250.61,251.88,245.6
11/18/14,257.7,4467427,255.86,259.99,255.51
11/17/14,253.98,4017356,257.49,259,252.02
11/14/14,258.68,6093385,250,258.85,248.5
11/13/14,251.7,6230288,250.62,255.75,250.25
11/12/14,249.1,5861639,249.72,252.34,245.58
11/11/14,251.08,7946898,242.55,251.82,242
11/10/14,241.93,4563814,239.11,242.88,236.8
11/7/14,240.2,5154893,242.19,242.8399,237.2
11/6/14,241.22,15336550,234.49,246.69,228.5
11/5/14,230.97,8497418,241,241.36,230.53
11/4/14,238.93,3673632,240.49,242.35,236.53
11/3/14,242.59,4203208,243,247.56,241.32
10/31/14,241.7,3765160,242.51,243.12,238.75
10/30/14,238.66,3225881,238.14,240.5,235.06
10/29/14,238.1,4961013,241.13,241.5,235.64
10/28/14,242.77,10443900,229.6,244.6,228.25
10/27/14,221.67,9532988,234.25,234.61,220.31
10/24/14,235.24,3458805,236.27,237.8,231.2
10/23/14,235.29,3486305,234.655,236.28,232
10/22/14,231.1,4116243,233.19,237.39,230.56
10/21/14,235.34,4106596,234.27,235.39,230.8
10/20/14,230.47,3489785,226.72,232.4,225.51
10/17/14,227.48,10547970,233.38,234.77,226.55
10/16/14,226.35,5393830,219.72,229.92,219.1
10/15/14,229.7,9118331,220,230.99,217.32
10/14/14,227.06,7099492,228.25,232.47,223
10/13/14,224.59,11251400,238.57,238.9628,221
10/10/14,236.91,12885920,244.64,245.89,235.2
10/9/14,257.01,7339097,262.25,265.54,254.4
10/8/14,259.28,5046873,260.1,262.88,252.64
10/7/14,259.57,4478558,258.53,261.46,255.73
10/6/14,260.62,7706193,259.13,262.49,257.8
10/3/14,255.21,5403599,253.06,256.5,251.033
10/2/14,251.42,8988300,250.2,252.79,245.36
10/1/14,240.24,5940566,242.2,242.66,235.65
9/30/14,242.68,4236096,246.92,247.65,240.1249
9/29/14,245.26,4851868,244,248.64,241.38
9/26/14,246.6,3794912,248.25,249.73,246.07
9/25/14,246.95,4832853,252.52,254.96,246.1
9/24/14,252.14,3745005,251.12,252.84,247.04
9/23/14,250.41,5656567,245.22,253.8,245
9/22/14,250.03,8209186,255,256.02,244.71
9/19/14,259.32,6800975,257.99,261.43,255.27
9/18/14,263.82,3689477,263.36,265.6,262.32
9/17/14,261.38,5172994,262.41,264.7,259.5
9/16/14,260.74,8297454,255.15,262.46,252.42
9/15/14,253.86,16433840,274.37,274.4,249.13
9/12/14,279.2,3323300,280.5,282.39,277
9/11/14,280.31,3761617,280.46,284.79,278.63
9/10/14,281.1,3776593,279.5,281.41,273.66
9/9/14,278.48,4556123,282.99,285.49,277
9/8/14,282.11,5495160,277.62,284.88,277.5227
9/5/14,277.39,11163820,282.55,282.9,272.51
9/4/14,286.04,8266173,284.01,291.42,280.4
9/3/14,281.19,6766420,287.67,288,280.1
9/2/14,284.12,9782339,275.5,284.89,274.3
8/29/14,269.7,6436176,268.7,272,267.51
8/28/14,263.86,2843648,261.89,264.48,261.64
8/27/14,263.25,2983830,263.5,264.24,260.29
8/26/14,261.74,3812541,264.98,265.5,261.66
8/25/14,262.55,4304272,258.19,263.68,258.19
8/22/14,256.78,2833061,254.54,256.9499,252.61
8/21/14,254.34,2910671,256.52,258.8,253.26